{ "NAM": "base", "NUM": 1, "TIM": 1599145249, "LAT": 39.7943071, "LON": -105.1533805, "MSL": 1710.300, "LBL": "2020-09-03T15:00:49Z" }
